amount,cardType,category,desc,tran_date
299,Black,WALLET,Test,2020-01-12
100,Silver,WALLET,Test123,2020-02-12
1000,Gold,WALLET,Test123,2020-03-12
1000,Platinum,WALLET,Test124,2020-04-12
299,Black,WALLET,Test,2020-05-12
100,Silver,WALLET,Test123,2020-06-12
1000,Gold,WALLET,Test123,2020-07-12
1000,Platinum,WALLET,Test124,2020-08-12
299,Black,WALLET,Test,2020-09-12
100,Silver,WALLET,Test123,2020-10-12
1000,Gold,WALLET,Test123,2020-11-12
1000,Platinum,WALLET,Test124,2020-12-12
299,Black,WALLET,Test,2020-01-12
100,Silver,WALLET,Test123,2020-01-12
1000,Gold,WALLET,Test123,2020-01-12
1000,Platinum,WALLET,Test124,2020-01-12
299,Black,WALLET,Test,2020-01-12
100,Silver,WALLET,Test123,2020-01-12
1000,Gold,WALLET,Test123,2020-01-12
1000,Platinum,WALLET,Test124,2020-01-12
299,Black,WALLET,Test,2020-01-12
100,Silver,WALLET,Test123,2020-01-12
1000,Gold,WALLET,Test123,2020-01-12
1000,Platinum,WALLET,Test124,2020-01-12
299,Black,WALLET,Test,2020-01-12
100,Silver,WALLET,Test123,2020-01-12
1000,Gold,WALLET,Test123,2020-01-12
1000,Platinum,WALLET,Test124,2020-01-12
299,Black,WALLET,Test,2020-01-12
100,Silver,WALLET,Test123,2020-01-12
1000,Gold,WALLET,Test123,2020-01-12
1000,Platinum,WALLET,Test124,2020-01-12
299,Black,WALLET,Test,2020-01-12
100,Silver,WALLET,Test123,2020-01-12
1000,Gold,WALLET,Test123,2020-01-12
1000,Platinum,WALLET,Test124,2020-01-12
299,Black,WALLET,Test,2020-01-12
100,Silver,WALLET,Test123,2020-01-12
1000,Gold,WALLET,Test123,2020-01-12
1000,Platinum,WALLET,Test124,2020-01-12
299,Black,WALLET,Test,2020-01-12
100,Silver,WALLET,Test123,2020-01-12
1000,Gold,WALLET,Test123,2020-01-12
1000,Platinum,WALLET,Test124,2020-01-12
299,Black,WALLET,Test,2020-01-12
100,Silver,WALLET,Test123,2020-01-12
1000,Gold,WALLET,Test123,2020-01-12
1000,Platinum,WALLET,Test124,2020-01-12
299,Black,WALLET,Test,2020-01-12
100,Silver,WALLET,Test123,2020-01-12
1000,Gold,WALLET,Test123,2020-01-12
1000,Platinum,WALLET,Test124,2020-01-12
299,Black,WALLET,Test,2020-01-12
100,Silver,WALLET,Test123,2020-01-12
1000,Gold,WALLET,Test123,2020-01-12
1000,Platinum,WALLET,Test124,2020-01-12
299,Black,WALLET,Test,2020-01-12
100,Silver,WALLET,Test123,2020-01-12
1000,Gold,WALLET,Test123,2020-01-12
1000,Platinum,WALLET,Test124,2020-01-12
299,Black,WALLET,Test,2020-01-12
100,Silver,WALLET,Test123,2020-01-12
1000,Gold,WALLET,Test123,2020-01-12
1000,Platinum,WALLET,Test124,2020-01-12
299,Black,WALLET,Test,2020-01-12
100,Silver,WALLET,Test123,2020-01-12
1000,Gold,WALLET,Test123,2020-01-12
1000,Platinum,WALLET,Test124,2020-01-12
299,Black,WALLET,Test,2020-01-12
100,Silver,WALLET,Test123,2020-01-12
1000,Gold,WALLET,Test123,2020-01-12
1000,Platinum,WALLET,Test124,2020-01-12
299,Black,WALLET,Test,2020-01-12
100,Silver,WALLET,Test123,2020-01-12
1000,Gold,WALLET,Test123,2020-01-12
1000,Platinum,WALLET,Test124,2020-01-12
299,Black,WALLET,Test,2020-01-12
100,Silver,WALLET,Test123,2020-01-12
1000,Gold,WALLET,Test123,2020-01-12
1000,Platinum,WALLET,Test124,2020-01-12
299,Black,WALLET,Test,2020-01-12
100,Silver,WALLET,Test123,2020-01-12
1000,Gold,WALLET,Test123,2020-01-12
1000,Platinum,WALLET,Test124,2020-01-12
299,Black,WALLET,Test,2020-01-12
100,Silver,WALLET,Test123,2020-01-12
1000,Gold,WALLET,Test123,2020-01-12
1000,Platinum,WALLET,Test124,2020-01-12
299,Black,WALLET,Test,2020-01-12
100,Silver,WALLET,Test123,2020-01-12
1000,Gold,WALLET,Test123,2020-01-12
1000,Platinum,WALLET,Test124,2020-01-12
299,Black,WALLET,Test,2020-01-12
100,Silver,WALLET,Test123,2020-01-12
1000,Gold,WALLET,Test123,2020-01-12
1000,Platinum,WALLET,Test124,2020-01-12
299,Black,WALLET,Test,2020-01-12
100,Silver,WALLET,Test123,2020-01-12
1000,Gold,WALLET,Test123,2020-01-12
1000,Platinum,WALLET,Test124,2020-01-12
299,Black,WALLET,Test,2020-01-12
100,Silver,WALLET,Test123,2020-01-12
1000,Gold,WALLET,Test123,2020-01-12
1000,Platinum,WALLET,Test124,2020-01-12
299,Black,WALLET,Test,2020-01-12
100,Silver,WALLET,Test123,2020-01-12
1000,Gold,WALLET,Test123,2020-01-12
1000,Platinum,WALLET,Test124,2020-01-12
299,Black,WALLET,Test,2020-01-12
100,Silver,WALLET,Test123,2020-01-12
1000,Gold,WALLET,Test123,2020-01-12
1000,Platinum,WALLET,Test124,2020-01-12
299,Black,WALLET,Test,2020-01-12
100,Silver,WALLET,Test123,2020-01-12
1000,Gold,WALLET,Test123,2020-01-12
1000,Platinum,WALLET,Test124,2020-01-12
299,Black,WALLET,Test,2020-01-12
100,Silver,WALLET,Test123,2020-01-12
1000,Gold,WALLET,Test123,2020-01-12
1000,Platinum,WALLET,Test124,2020-01-12
299,Black,WALLET,Test,2020-01-12
100,Silver,WALLET,Test123,2020-01-12
1000,Gold,WALLET,Test123,2020-01-12
1000,Platinum,WALLET,Test124,2020-01-12
299,Black,WALLET,Test,2020-01-12
100,Silver,WALLET,Test123,2020-01-12
1000,Gold,WALLET,Test123,2020-01-12
1000,Platinum,WALLET,Test124,2020-01-12
299,Black,WALLET,Test,2020-01-12
100,Silver,WALLET,Test123,2020-01-12
1000,Gold,WALLET,Test123,2020-01-12
1000,Platinum,WALLET,Test124,2020-01-12
299,Black,WALLET,Test,2020-01-12
100,Silver,WALLET,Test123,2020-01-12
1000,Gold,WALLET,Test123,2020-01-12
1000,Platinum,WALLET,Test124,2020-01-12
299,Black,WALLET,Test,2020-01-12
100,Silver,WALLET,Test123,2020-01-12
1000,Gold,WALLET,Test123,2020-01-12
1000,Platinum,WALLET,Test124,2020-01-12
299,Black,WALLET,Test,2020-01-12
100,Silver,WALLET,Test123,2020-01-12
1000,Gold,WALLET,Test123,2020-01-12
1000,Platinum,WALLET,Test124,2020-01-12
299,Black,WALLET,Test,2020-01-12
100,Silver,WALLET,Test123,2020-01-12
1000,Gold,WALLET,Test123,2020-01-12
1000,Platinum,WALLET,Test124,2020-01-12
299,Black,WALLET,Test,2020-01-12
100,Silver,WALLET,Test123,2020-01-12
1000,Gold,WALLET,Test123,2020-01-12
1000,Platinum,WALLET,Test124,2020-01-12
299,Black,WALLET,Test,2020-01-12
100,Silver,WALLET,Test123,2020-01-12
1000,Gold,WALLET,Test123,2020-01-12
1000,Platinum,WALLET,Test124,2020-01-12
299,Black,WALLET,Test,2020-01-12
100,Silver,WALLET,Test123,2020-01-12
1000,Gold,WALLET,Test123,2020-01-12
1000,Platinum,WALLET,Test124,2020-01-12
299,Black,WALLET,Test,2020-01-12
100,Silver,WALLET,Test123,2020-01-12
1000,Gold,WALLET,Test123,2020-01-12
1000,Platinum,WALLET,Test124,2020-01-12
299,Black,WALLET,Test,2020-01-12
100,Silver,WALLET,Test123,2020-01-12
1000,Gold,WALLET,Test123,2020-01-12
1000,Platinum,WALLET,Test124,2020-01-12
299,Black,WALLET,Test,2020-01-12
100,Silver,WALLET,Test123,2020-01-12
1000,Gold,WALLET,Test123,2020-01-12
1000,Platinum,WALLET,Test124,2020-01-12
299,Black,WALLET,Test,2020-01-12
100,Silver,WALLET,Test123,2020-01-12
1000,Gold,WALLET,Test123,2020-01-12
1000,Platinum,WALLET,Test124,2020-01-12
299,Black,WALLET,Test,2020-01-12
100,Silver,WALLET,Test123,2020-01-12
1000,Gold,WALLET,Test123,2020-01-12
1000,Platinum,WALLET,Test124,2020-01-12
299,Black,WALLET,Test,2020-01-12
100,Silver,WALLET,Test123,2020-01-12
1000,Gold,WALLET,Test123,2020-01-12
1000,Platinum,WALLET,Test124,2020-01-12
299,Black,WALLET,Test,2020-01-12
100,Silver,WALLET,Test123,2020-01-12
1000,Gold,WALLET,Test123,2020-01-12
1000,Platinum,WALLET,Test124,2020-01-12
299,Black,WALLET,Test,2020-01-12
100,Silver,WALLET,Test123,2020-01-12
1000,Gold,WALLET,Test123,2020-01-12
1000,Platinum,WALLET,Test124,2020-01-12
299,Black,WALLET,Test,2020-01-12
100,Silver,WALLET,Test123,2020-01-12
1000,Gold,WALLET,Test123,2020-01-12
1000,Platinum,WALLET,Test124,2020-01-12
299,Black,WALLET,Test,2020-01-12
100,Silver,WALLET,Test123,2020-01-12
1000,Gold,WALLET,Test123,2020-01-12
1000,Platinum,WALLET,Test124,2020-01-12
299,Black,WALLET,Test,2020-01-12
100,Silver,WALLET,Test123,2020-01-12
1000,Gold,WALLET,Test123,2020-01-12
1000,Platinum,WALLET,Test124,2020-01-12
299,Black,WALLET,Test,2020-01-12
100,Silver,WALLET,Test123,2020-01-12
1000,Gold,WALLET,Test123,2020-01-12
1000,Platinum,WALLET,Test124,2020-01-12
299,Black,WALLET,Test,2020-01-12
100,Silver,WALLET,Test123,2020-01-12
1000,Gold,WALLET,Test123,2020-01-12
1000,Platinum,WALLET,Test124,2020-01-12
299,Black,WALLET,Test,2020-01-12
100,Silver,WALLET,Test123,2020-01-12
1000,Gold,WALLET,Test123,2020-01-12
1000,Platinum,WALLET,Test124,2020-01-12
299,Black,WALLET,Test,2020-01-12
100,Silver,WALLET,Test123,2020-01-12
1000,Gold,WALLET,Test123,2020-01-12
1000,Platinum,WALLET,Test124,2020-01-12
299,Black,WALLET,Test,2020-01-12
100,Silver,WALLET,Test123,2020-01-12
1000,Gold,WALLET,Test123,2020-01-12
1000,Platinum,WALLET,Test124,2020-01-12
299,Black,WALLET,Test,2020-01-12
100,Silver,WALLET,Test123,2020-01-12
1000,Gold,WALLET,Test123,2020-01-12
1000,Platinum,WALLET,Test124,2020-01-12
299,Black,WALLET,Test,2020-01-12
100,Silver,WALLET,Test123,2020-01-12
1000,Gold,WALLET,Test123,2020-01-12
1000,Platinum,WALLET,Test124,2020-01-12
299,Black,WALLET,Test,2020-01-12
100,Silver,WALLET,Test123,2020-01-12
1000,Gold,WALLET,Test123,2020-01-12
1000,Platinum,WALLET,Test124,2020-01-12
299,Black,WALLET,Test,2020-01-12
100,Silver,WALLET,Test123,2020-01-12
1000,Gold,WALLET,Test123,2020-01-12
1000,Platinum,WALLET,Test124,2020-01-12
299,Black,WALLET,Test,2020-01-12
100,Silver,WALLET,Test123,2020-01-12
1000,Gold,WALLET,Test123,2020-01-12
1000,Platinum,WALLET,Test124,2020-01-12
299,Black,WALLET,Test,2020-01-12
100,Silver,WALLET,Test123,2020-01-12
1000,Gold,WALLET,Test123,2020-01-12
1000,Platinum,WALLET,Test124,2020-01-12
299,Black,WALLET,Test,2020-01-12
100,Silver,WALLET,Test123,2020-01-12
1000,Gold,WALLET,Test123,2020-01-12
1000,Platinum,WALLET,Test124,2020-01-12
299,Black,WALLET,Test,2020-01-12
100,Silver,WALLET,Test123,2020-01-12
1000,Gold,WALLET,Test123,2020-01-12
1000,Platinum,WALLET,Test124,2020-01-12
299,Black,WALLET,Test,2020-01-12
100,Silver,WALLET,Test123,2020-01-12
1000,Gold,WALLET,Test123,2020-01-12
1000,Platinum,WALLET,Test124,2020-01-12
299,Black,WALLET,Test,2020-01-12
100,Silver,WALLET,Test123,2020-01-12
1000,Gold,WALLET,Test123,2020-01-12
1000,Platinum,WALLET,Test124,2020-01-12
299,Black,WALLET,Test,2020-01-12
100,Silver,WALLET,Test123,2020-01-12
1000,Gold,WALLET,Test123,2020-01-12
1000,Platinum,WALLET,Test124,2020-01-12
299,Black,WALLET,Test,2020-01-12
100,Silver,WALLET,Test123,2020-01-12
1000,Gold,WALLET,Test123,2020-01-12
1000,Platinum,WALLET,Test124,2020-01-12
299,Black,WALLET,Test,2020-01-12
100,Silver,WALLET,Test123,2020-01-12
1000,Gold,WALLET,Test123,2020-01-12
1000,Platinum,WALLET,Test124,2020-01-12
299,Black,WALLET,Test,2020-01-12
100,Silver,WALLET,Test123,2020-01-12
1000,Gold,WALLET,Test123,2020-01-12
1000,Platinum,WALLET,Test124,2020-01-12
299,Black,WALLET,Test,2020-01-12
100,Silver,WALLET,Test123,2020-01-12
1000,Gold,WALLET,Test123,2020-01-12
1000,Platinum,WALLET,Test124,2020-01-12
299,Black,WALLET,Test,2020-01-12
100,Silver,WALLET,Test123,2020-01-12
1000,Gold,WALLET,Test123,2020-01-12
1000,Platinum,WALLET,Test124,2020-01-12
299,Black,WALLET,Test,2020-01-12
100,Silver,WALLET,Test123,2020-01-12
1000,Gold,WALLET,Test123,2020-01-12
1000,Platinum,WALLET,Test124,2020-01-12
299,Black,WALLET,Test,2020-01-12
100,Silver,WALLET,Test123,2020-01-12
1000,Gold,WALLET,Test123,2020-01-12
1000,Platinum,WALLET,Test124,2020-01-12
299,Black,WALLET,Test,2020-01-12
100,Silver,WALLET,Test123,2020-01-12
1000,Gold,WALLET,Test123,2020-01-12
1000,Platinum,WALLET,Test124,2020-01-12
299,Black,WALLET,Test,2020-01-12
100,Silver,WALLET,Test123,2020-01-12
1000,Gold,WALLET,Test123,2020-01-12
1000,Platinum,WALLET,Test124,2020-01-12
299,Black,WALLET,Test,2020-01-12
100,Silver,WALLET,Test123,2020-01-12
1000,Gold,WALLET,Test123,2020-01-12
1000,Platinum,WALLET,Test124,2020-01-12
299,Black,WALLET,Test,2020-01-12
100,Silver,WALLET,Test123,2020-01-12
1000,Gold,WALLET,Test123,2020-01-12
1000,Platinum,WALLET,Test124,2020-01-12
299,Black,WALLET,Test,2020-01-12
100,Silver,WALLET,Test123,2020-01-12
1000,Gold,WALLET,Test123,2020-01-12
1000,Platinum,WALLET,Test124,2020-01-12
299,Black,WALLET,Test,2020-01-12
100,Silver,WALLET,Test123,2020-01-12
1000,Gold,WALLET,Test123,2020-01-12
1000,Platinum,WALLET,Test124,2020-01-12
299,Black,WALLET,Test,2020-01-12
100,Silver,WALLET,Test123,2020-01-12
1000,Gold,WALLET,Test123,2020-01-12
1000,Platinum,WALLET,Test124,2020-01-12
299,Black,WALLET,Test,2020-01-12
100,Silver,WALLET,Test123,2020-01-12
1000,Gold,WALLET,Test123,2020-01-12
1000,Platinum,WALLET,Test124,2020-01-12
299,Black,WALLET,Test,2020-01-12
100,Silver,WALLET,Test123,2020-01-12
1000,Gold,WALLET,Test123,2020-01-12
1000,Platinum,WALLET,Test124,2020-01-12
299,Black,WALLET,Test,2020-01-12
100,Silver,WALLET,Test123,2020-01-12
1000,Gold,WALLET,Test123,2020-01-12
1000,Platinum,WALLET,Test124,2020-01-12
299,Black,WALLET,Test,2020-01-12
100,Silver,WALLET,Test123,2020-01-12
1000,Gold,WALLET,Test123,2020-01-12
1000,Platinum,WALLET,Test124,2020-01-12
299,Black,WALLET,Test,2020-01-12
100,Silver,WALLET,Test123,2020-01-12
1000,Gold,WALLET,Test123,2020-01-12
1000,Platinum,WALLET,Test124,2020-01-12
299,Black,WALLET,Test,2020-01-12
100,Silver,WALLET,Test123,2020-01-12
1000,Gold,WALLET,Test123,2020-01-12
1000,Platinum,WALLET,Test124,2020-01-12
299,Black,WALLET,Test,2020-01-12
100,Silver,WALLET,Test123,2020-01-12
1000,Gold,WALLET,Test123,2020-01-12
1000,Platinum,WALLET,Test124,2020-01-12
299,Black,WALLET,Test,2020-01-12
100,Silver,WALLET,Test123,2020-01-12
1000,Gold,WALLET,Test123,2020-01-12
1000,Platinum,WALLET,Test124,2020-01-12
299,Black,WALLET,Test,2020-01-12
100,Silver,WALLET,Test123,2020-01-12
1000,Gold,WALLET,Test123,2020-01-12
1000,Platinum,WALLET,Test124,2020-01-12
299,Black,WALLET,Test,2020-01-12
100,Silver,WALLET,Test123,2020-01-12
1000,Gold,WALLET,Test123,2020-01-12
1000,Platinum,WALLET,Test124,2020-01-12
299,Black,WALLET,Test,2020-01-12
100,Silver,WALLET,Test123,2020-01-12
1000,Gold,WALLET,Test123,2020-01-12
1000,Platinum,WALLET,Test124,2020-01-12
299,Black,WALLET,Test,2020-01-12
100,Silver,WALLET,Test123,2020-01-12
1000,Gold,WALLET,Test123,2020-01-12
1000,Platinum,WALLET,Test124,2020-01-12
299,Black,WALLET,Test,2020-01-12
100,Silver,WALLET,Test123,2020-01-12
1000,Gold,WALLET,Test123,2020-01-12
1000,Platinum,WALLET,Test124,2020-01-12
299,Black,WALLET,Test,2020-01-12
100,Silver,WALLET,Test123,2020-01-12
1000,Gold,WALLET,Test123,2020-01-12
1000,Platinum,WALLET,Test124,2020-01-12
299,Black,WALLET,Test,2020-01-12
100,Silver,WALLET,Test123,2020-01-12
1000,Gold,WALLET,Test123,2020-01-12
1000,Platinum,WALLET,Test124,2020-01-12
299,Black,WALLET,Test,2020-01-12
100,Silver,WALLET,Test123,2020-01-12
1000,Gold,WALLET,Test123,2020-01-12
1000,Platinum,WALLET,Test124,2020-01-12
299,Black,WALLET,Test,2020-01-12
100,Silver,WALLET,Test123,2020-01-12
1000,Gold,WALLET,Test123,2020-01-12
1000,Platinum,WALLET,Test124,2020-01-12
299,Black,WALLET,Test,2020-01-12
100,Silver,WALLET,Test123,2020-01-12
1000,Gold,WALLET,Test123,2020-01-12
1000,Platinum,WALLET,Test124,2020-01-12
299,Black,WALLET,Test,2020-01-12
100,Silver,WALLET,Test123,2020-01-12
1000,Gold,WALLET,Test123,2020-01-12
1000,Platinum,WALLET,Test124,2020-01-12
299,Black,WALLET,Test,2020-01-12
100,Silver,WALLET,Test123,2020-01-12
1000,Gold,WALLET,Test123,2020-01-12
1000,Platinum,WALLET,Test124,2020-01-12
299,Black,WALLET,Test,2020-01-12
100,Silver,WALLET,Test123,2020-01-12
1000,Gold,WALLET,Test123,2020-01-12
1000,Platinum,WALLET,Test124,2020-01-12
299,Black,WALLET,Test,2020-01-12
100,Silver,WALLET,Test123,2020-01-12
1000,Gold,WALLET,Test123,2020-01-12
1000,Platinum,WALLET,Test124,2020-01-12
299,Black,WALLET,Test,2020-01-12
100,Silver,WALLET,Test123,2020-01-12
1000,Gold,WALLET,Test123,2020-01-12
1000,Platinum,WALLET,Test124,2020-01-12
299,Black,WALLET,Test,2020-01-12
100,Silver,WALLET,Test123,2020-01-12
1000,Gold,WALLET,Test123,2020-01-12
1000,Platinum,WALLET,Test124,2020-01-12
299,Black,WALLET,Test,2020-01-12
100,Silver,WALLET,Test123,2020-01-12
1000,Gold,WALLET,Test123,2020-01-12
1000,Platinum,WALLET,Test124,2020-01-12
299,Black,WALLET,Test,2020-01-12
100,Silver,WALLET,Test123,2020-01-12
1000,Gold,WALLET,Test123,2020-01-12
1000,Platinum,WALLET,Test124,2020-01-12
299,Black,WALLET,Test,2020-01-12
100,Silver,WALLET,Test123,2020-01-12
1000,Gold,WALLET,Test123,2020-01-12
1000,Platinum,WALLET,Test124,2020-01-12
299,Black,WALLET,Test,2020-01-12
100,Silver,WALLET,Test123,2020-01-12
1000,Gold,WALLET,Test123,2020-01-12
1000,Platinum,WALLET,Test124,2020-01-12
299,Black,WALLET,Test,2020-01-12
100,Silver,WALLET,Test123,2020-01-12
1000,Gold,WALLET,Test123,2020-01-12
1000,Platinum,WALLET,Test124,2020-01-12
299,Black,WALLET,Test,2020-01-12
100,Silver,WALLET,Test123,2020-01-12
1000,Gold,WALLET,Test123,2020-01-12
1000,Platinum,WALLET,Test124,2020-01-12
299,Black,WALLET,Test,2020-01-12
100,Silver,WALLET,Test123,2020-01-12
1000,Gold,WALLET,Test123,2020-01-12
1000,Platinum,WALLET,Test124,2020-01-12
299,Black,WALLET,Test,2020-01-12
100,Silver,WALLET,Test123,2020-01-12
1000,Gold,WALLET,Test123,2020-01-12
1000,Platinum,WALLET,Test124,2020-01-12
299,Black,WALLET,Test,2020-01-12
100,Silver,WALLET,Test123,2020-01-12
1000,Gold,WALLET,Test123,2020-01-12
1000,Platinum,WALLET,Test124,2020-01-12
299,Black,WALLET,Test,2020-01-12
100,Silver,WALLET,Test123,2020-01-12
1000,Gold,WALLET,Test123,2020-01-12
1000,Platinum,WALLET,Test124,2020-01-12
299,Black,WALLET,Test,2020-01-12
100,Silver,WALLET,Test123,2020-01-12
1000,Gold,WALLET,Test123,2020-01-12
1000,Platinum,WALLET,Test124,2020-01-12
299,Black,WALLET,Test,2020-01-12
100,Silver,WALLET,Test123,2020-01-12
1000,Gold,WALLET,Test123,2020-01-12
1000,Platinum,WALLET,Test124,2020-01-12
299,Black,WALLET,Test,2020-01-12
100,Silver,WALLET,Test123,2020-01-12
1000,Gold,WALLET,Test123,2020-01-12
1000,Platinum,WALLET,Test124,2020-01-12
299,Black,WALLET,Test,2020-01-12
100,Silver,WALLET,Test123,2020-01-12
1000,Gold,WALLET,Test123,2020-01-12
1000,Platinum,WALLET,Test124,2020-01-12
299,Black,WALLET,Test,2020-01-12
100,Silver,WALLET,Test123,2020-01-12
1000,Gold,WALLET,Test123,2020-01-12
1000,Platinum,WALLET,Test124,2020-01-12
299,Black,WALLET,Test,2020-01-12
100,Silver,WALLET,Test123,2020-01-12
1000,Gold,WALLET,Test123,2020-01-12
1000,Platinum,WALLET,Test124,2020-01-12
299,Black,WALLET,Test,2020-01-12
100,Silver,WALLET,Test123,2020-01-12
1000,Gold,WALLET,Test123,2020-01-12
1000,Platinum,WALLET,Test124,2020-01-12
299,Black,WALLET,Test,2020-01-12
100,Silver,WALLET,Test123,2020-01-12
1000,Gold,WALLET,Test123,2020-01-12
1000,Platinum,WALLET,Test124,2020-01-12
299,Black,WALLET,Test,2020-01-12
100,Silver,WALLET,Test123,2020-01-12
1000,Gold,WALLET,Test123,2020-01-12
1000,Platinum,WALLET,Test124,2020-01-12
299,Black,WALLET,Test,2020-01-12
100,Silver,WALLET,Test123,2020-01-12
1000,Gold,WALLET,Test123,2020-01-12
1000,Platinum,WALLET,Test124,2020-01-12
299,Black,WALLET,Test,2020-01-12
100,Silver,WALLET,Test123,2020-01-12
1000,Gold,WALLET,Test123,2020-01-12
1000,Platinum,WALLET,Test124,2020-01-12
299,Black,WALLET,Test,2020-01-12
100,Silver,WALLET,Test123,2020-01-12
1000,Gold,WALLET,Test123,2020-01-12
1000,Platinum,WALLET,Test124,2020-01-12
299,Black,WALLET,Test,2020-01-12
100,Silver,WALLET,Test123,2020-01-12
1000,Gold,WALLET,Test123,2020-01-12
1000,Platinum,WALLET,Test124,2020-01-12
299,Black,WALLET,Test,2020-01-12
100,Silver,WALLET,Test123,2020-01-12
1000,Gold,WALLET,Test123,2020-01-12
1000,Platinum,WALLET,Test124,2020-01-12
299,Black,WALLET,Test,2020-01-12
100,Silver,WALLET,Test123,2020-01-12
1000,Gold,WALLET,Test123,2020-01-12
1000,Platinum,WALLET,Test124,2020-01-12
299,Black,WALLET,Test,2020-01-12
100,Silver,WALLET,Test123,2020-01-12
1000,Gold,WALLET,Test123,2020-01-12
1000,Platinum,WALLET,Test124,2020-01-12
299,Black,WALLET,Test,2020-01-12
100,Silver,WALLET,Test123,2020-01-12
1000,Gold,WALLET,Test123,2020-01-12
1000,Platinum,WALLET,Test124,2020-01-12
299,Black,WALLET,Test,2020-01-12
100,Silver,WALLET,Test123,2020-01-12
1000,Gold,WALLET,Test123,2020-01-12
1000,Platinum,WALLET,Test124,2020-01-12
299,Black,WALLET,Test,2020-01-12
100,Silver,WALLET,Test123,2020-01-12
1000,Gold,WALLET,Test123,2020-01-12
1000,Platinum,WALLET,Test124,2020-01-12
299,Black,WALLET,Test,2020-01-12
100,Silver,WALLET,Test123,2020-01-12
1000,Gold,WALLET,Test123,2020-01-12
1000,Platinum,WALLET,Test124,2020-01-12
299,Black,WALLET,Test,2020-01-12
100,Silver,WALLET,Test123,2020-01-12
1000,Gold,WALLET,Test123,2020-01-12
1000,Platinum,WALLET,Test124,2020-01-12
299,Black,WALLET,Test,2020-01-12
100,Silver,WALLET,Test123,2020-01-12
1000,Gold,WALLET,Test123,2020-01-12
1000,Platinum,WALLET,Test124,2020-01-12
299,Black,WALLET,Test,2020-01-12
100,Silver,WALLET,Test123,2020-01-12
1000,Gold,WALLET,Test123,2020-01-12
1000,Platinum,WALLET,Test124,2020-01-12
299,Black,WALLET,Test,2020-01-12
100,Silver,WALLET,Test123,2020-01-12
1000,Gold,WALLET,Test123,2020-01-12
1000,Platinum,WALLET,Test124,2020-01-12
299,Black,WALLET,Test,2020-01-12
100,Silver,WALLET,Test123,2020-01-12
1000,Gold,WALLET,Test123,2020-01-12
1000,Platinum,WALLET,Test124,2020-01-12
299,Black,WALLET,Test,2020-01-12
100,Silver,WALLET,Test123,2020-01-12
1000,Gold,WALLET,Test123,2020-01-12
1000,Platinum,WALLET,Test124,2020-01-12
299,Black,WALLET,Test,2020-01-12
100,Silver,WALLET,Test123,2020-01-12
1000,Gold,WALLET,Test123,2020-01-12
1000,Platinum,WALLET,Test124,2020-01-12
299,Black,WALLET,Test,2020-01-12
100,Silver,WALLET,Test123,2020-01-12
1000,Gold,WALLET,Test123,2020-01-12
1000,Platinum,WALLET,Test124,2020-01-12
299,Black,WALLET,Test,2020-01-12
100,Silver,WALLET,Test123,2020-01-12
1000,Gold,WALLET,Test123,2020-01-12
1000,Platinum,WALLET,Test124,2020-01-12
299,Black,WALLET,Test,2020-01-12
100,Silver,WALLET,Test123,2020-01-12
1000,Gold,WALLET,Test123,2020-01-12
1000,Platinum,WALLET,Test124,2020-01-12
299,Black,WALLET,Test,2020-01-12
100,Silver,WALLET,Test123,2020-01-12
1000,Gold,WALLET,Test123,2020-01-12
1000,Platinum,WALLET,Test124,2020-01-12
299,Black,WALLET,Test,2020-01-12
100,Silver,WALLET,Test123,2020-01-12
1000,Gold,WALLET,Test123,2020-01-12
1000,Platinum,WALLET,Test124,2020-01-12
299,Black,WALLET,Test,2020-01-12
100,Silver,WALLET,Test123,2020-01-12
1000,Gold,WALLET,Test123,2020-01-12
1000,Platinum,WALLET,Test124,2020-01-12
299,Black,WALLET,Test,2020-01-12
100,Silver,WALLET,Test123,2020-01-12
1000,Gold,WALLET,Test123,2020-01-12
1000,Platinum,WALLET,Test124,2020-01-12
299,Black,WALLET,Test,2020-01-12
100,Silver,WALLET,Test123,2020-01-12
1000,Gold,WALLET,Test123,2020-01-12
1000,Platinum,WALLET,Test124,2020-01-12
299,Black,WALLET,Test,2020-01-12
100,Silver,WALLET,Test123,2020-01-12
1000,Gold,WALLET,Test123,2020-01-12
1000,Platinum,WALLET,Test124,2020-01-12
299,Black,WALLET,Test,2020-01-12
100,Silver,WALLET,Test123,2020-01-12
1000,Gold,WALLET,Test123,2020-01-12
1000,Platinum,WALLET,Test124,2020-01-12
299,Black,WALLET,Test,2020-01-12
100,Silver,WALLET,Test123,2020-01-12
1000,Gold,WALLET,Test123,2020-01-12
1000,Platinum,WALLET,Test124,2020-01-12
299,Black,WALLET,Test,2020-01-12
100,Silver,WALLET,Test123,2020-01-12
1000,Gold,WALLET,Test123,2020-01-12
1000,Platinum,WALLET,Test124,2020-01-12
299,Black,WALLET,Test,2020-01-12
100,Silver,WALLET,Test123,2020-01-12
1000,Gold,WALLET,Test123,2020-01-12
1000,Platinum,WALLET,Test124,2020-01-12
299,Black,WALLET,Test,2020-01-12
100,Silver,WALLET,Test123,2020-01-12
1000,Gold,WALLET,Test123,2020-01-12
1000,Platinum,WALLET,Test124,2020-01-12
299,Black,WALLET,Test,2020-01-12
100,Silver,WALLET,Test123,2020-01-12
1000,Gold,WALLET,Test123,2020-01-12
1000,Platinum,WALLET,Test124,2020-01-12
299,Black,WALLET,Test,2020-01-12
100,Silver,WALLET,Test123,2020-01-12
1000,Gold,WALLET,Test123,2020-01-12
1000,Platinum,WALLET,Test124,2020-01-12
299,Black,WALLET,Test,2020-01-12
100,Silver,WALLET,Test123,2020-01-12
1000,Gold,WALLET,Test123,2020-01-12
1000,Platinum,WALLET,Test124,2020-01-12
299,Black,WALLET,Test,2020-01-12
100,Silver,WALLET,Test123,2020-01-12
1000,Gold,WALLET,Test123,2020-01-12
1000,Platinum,WALLET,Test124,2020-01-12
299,Black,WALLET,Test,2020-01-12
100,Silver,WALLET,Test123,2020-01-12
1000,Gold,WALLET,Test123,2020-01-12
1000,Platinum,WALLET,Test124,2020-01-12
299,Black,WALLET,Test,2020-01-12
100,Silver,WALLET,Test123,2020-01-12
1000,Gold,WALLET,Test123,2020-01-12
1000,Platinum,WALLET,Test124,2020-01-12
299,Black,WALLET,Test,2020-01-12
100,Silver,WALLET,Test123,2020-01-12
1000,Gold,WALLET,Test123,2020-01-12
1000,Platinum,WALLET,Test124,2020-01-12
299,Black,WALLET,Test,2020-01-12
100,Silver,WALLET,Test123,2020-01-12
1000,Gold,WALLET,Test123,2020-01-12
1000,Platinum,WALLET,Test124,2020-01-12
299,Black,WALLET,Test,2020-01-12
100,Silver,WALLET,Test123,2020-01-12
1000,Gold,WALLET,Test123,2020-01-12
1000,Platinum,WALLET,Test124,2020-01-12
299,Black,WALLET,Test,2020-01-12
100,Silver,WALLET,Test123,2020-01-12
1000,Gold,WALLET,Test123,2020-01-12
1000,Platinum,WALLET,Test124,2020-01-12
299,Black,WALLET,Test,2020-01-12
100,Silver,WALLET,Test123,2020-01-12
1000,Gold,WALLET,Test123,2020-01-12
1000,Platinum,WALLET,Test124,2020-01-12
299,Black,WALLET,Test,2020-01-12
100,Silver,WALLET,Test123,2020-01-12
1000,Gold,WALLET,Test123,2020-01-12
1000,Platinum,WALLET,Test124,2020-01-12
299,Black,WALLET,Test,2020-01-12
100,Silver,WALLET,Test123,2020-01-12
1000,Gold,WALLET,Test123,2020-01-12
1000,Platinum,WALLET,Test124,2020-01-12
299,Black,WALLET,Test,2020-01-12
100,Silver,WALLET,Test123,2020-01-12
1000,Gold,WALLET,Test123,2020-01-12
1000,Platinum,WALLET,Test124,2020-01-12
299,Black,WALLET,Test,2020-01-12
100,Silver,WALLET,Test123,2020-01-12
1000,Gold,WALLET,Test123,2020-01-12
1000,Platinum,WALLET,Test124,2020-01-12
299,Black,WALLET,Test,2020-01-12
100,Silver,WALLET,Test123,2020-01-12
1000,Gold,WALLET,Test123,2020-01-12
1000,Platinum,WALLET,Test124,2020-01-12
299,Black,WALLET,Test,2020-01-12
100,Silver,WALLET,Test123,2020-01-12
1000,Gold,WALLET,Test123,2020-01-12
1000,Platinum,WALLET,Test124,2020-01-12
299,Black,WALLET,Test,2020-01-12
100,Silver,WALLET,Test123,2020-01-12
1000,Gold,WALLET,Test123,2020-01-12
1000,Platinum,WALLET,Test124,2020-01-12
299,Black,WALLET,Test,2020-01-12
100,Silver,WALLET,Test123,2020-01-12
1000,Gold,WALLET,Test123,2020-01-12
1000,Platinum,WALLET,Test124,2020-01-12
299,Black,WALLET,Test,2020-01-12
100,Silver,WALLET,Test123,2020-01-12
1000,Gold,WALLET,Test123,2020-01-12
1000,Platinum,WALLET,Test124,2020-01-12
299,Black,WALLET,Test,2020-01-12
100,Silver,WALLET,Test123,2020-01-12
1000,Gold,WALLET,Test123,2020-01-12
1000,Platinum,WALLET,Test124,2020-01-12
299,Black,WALLET,Test,2020-01-12
100,Silver,WALLET,Test123,2020-01-12
1000,Gold,WALLET,Test123,2020-01-12
1000,Platinum,WALLET,Test124,2020-01-12
299,Black,WALLET,Test,2020-01-12
100,Silver,WALLET,Test123,2020-01-12
1000,Gold,WALLET,Test123,2020-01-12
1000,Platinum,WALLET,Test124,2020-01-12
299,Black,WALLET,Test,2020-01-12
100,Silver,WALLET,Test123,2020-01-12
1000,Gold,WALLET,Test123,2020-01-12
1000,Platinum,WALLET,Test124,2020-01-12
299,Black,WALLET,Test,2020-01-12
100,Silver,WALLET,Test123,2020-01-12
1000,Gold,WALLET,Test123,2020-01-12
1000,Platinum,WALLET,Test124,2020-01-12
299,Black,WALLET,Test,2020-01-12
100,Silver,WALLET,Test123,2020-01-12
1000,Gold,WALLET,Test123,2020-01-12
1000,Platinum,WALLET,Test124,2020-01-12
299,Black,WALLET,Test,2020-01-12
100,Silver,WALLET,Test123,2020-01-12
1000,Gold,WALLET,Test123,2020-01-12
1000,Platinum,WALLET,Test124,2020-01-12
299,Black,WALLET,Test,2020-01-12
100,Silver,WALLET,Test123,2020-01-12
1000,Gold,WALLET,Test123,2020-01-12
1000,Platinum,WALLET,Test124,2020-01-12
299,Black,WALLET,Test,2020-01-12
100,Silver,WALLET,Test123,2020-01-12
1000,Gold,WALLET,Test123,2020-01-12
1000,Platinum,WALLET,Test124,2020-01-12
299,Black,WALLET,Test,2020-01-12
100,Silver,WALLET,Test123,2020-01-12
1000,Gold,WALLET,Test123,2020-01-12
1000,Platinum,WALLET,Test124,2020-01-12
299,Black,WALLET,Test,2020-01-12
100,Silver,WALLET,Test123,2020-01-12
1000,Gold,WALLET,Test123,2020-01-12
1000,Platinum,WALLET,Test124,2020-01-12
299,Black,WALLET,Test,2020-01-12
100,Silver,WALLET,Test123,2020-01-12
1000,Gold,WALLET,Test123,2020-01-12
1000,Platinum,WALLET,Test124,2020-01-12
299,Black,WALLET,Test,2020-01-12
100,Silver,WALLET,Test123,2020-01-12
1000,Gold,WALLET,Test123,2020-01-12
1000,Platinum,WALLET,Test124,2020-01-12
299,Black,WALLET,Test,2020-01-12
100,Silver,WALLET,Test123,2020-01-12
1000,Gold,WALLET,Test123,2020-01-12
1000,Platinum,WALLET,Test124,2020-01-12
299,Black,WALLET,Test,2020-01-12
100,Silver,WALLET,Test123,2020-01-12
1000,Gold,WALLET,Test123,2020-01-12
1000,Platinum,WALLET,Test124,2020-01-12
299,Black,WALLET,Test,2020-01-12
100,Silver,WALLET,Test123,2020-01-12
1000,Gold,WALLET,Test123,2020-01-12
1000,Platinum,WALLET,Test124,2020-01-12
299,Black,WALLET,Test,2020-01-12
100,Silver,WALLET,Test123,2020-01-12
1000,Gold,WALLET,Test123,2020-01-12
1000,Platinum,WALLET,Test124,2020-01-12
299,Black,WALLET,Test,2020-01-12
100,Silver,WALLET,Test123,2020-01-12
1000,Gold,WALLET,Test123,2020-01-12
1000,Platinum,WALLET,Test124,2020-01-12
299,Black,WALLET,Test,2020-01-12
100,Silver,WALLET,Test123,2020-01-12
1000,Gold,WALLET,Test123,2020-01-12
1000,Platinum,WALLET,Test124,2020-01-12
299,Black,WALLET,Test,2020-01-12
100,Silver,WALLET,Test123,2020-01-12
1000,Gold,WALLET,Test123,2020-01-12
1000,Platinum,WALLET,Test124,2020-01-12
299,Black,WALLET,Test,2020-01-12
100,Silver,WALLET,Test123,2020-01-12
1000,Gold,WALLET,Test123,2020-01-12
1000,Platinum,WALLET,Test124,2020-01-12
299,Black,WALLET,Test,2020-01-12
100,Silver,WALLET,Test123,2020-01-12
1000,Gold,WALLET,Test123,2020-01-12
1000,Platinum,WALLET,Test124,2020-01-12
299,Black,WALLET,Test,2020-01-12
100,Silver,WALLET,Test123,2020-01-12
1000,Gold,WALLET,Test123,2020-01-12
1000,Platinum,WALLET,Test124,2020-01-12
299,Black,WALLET,Test,2020-01-12
100,Silver,WALLET,Test123,2020-01-12
1000,Gold,WALLET,Test123,2020-01-12
1000,Platinum,WALLET,Test124,2020-01-12
299,Black,WALLET,Test,2020-01-12
100,Silver,WALLET,Test123,2020-01-12
1000,Gold,WALLET,Test123,2020-01-12
1000,Platinum,WALLET,Test124,2020-01-12
299,Black,WALLET,Test,2020-01-12
100,Silver,WALLET,Test123,2020-01-12
1000,Gold,WALLET,Test123,2020-01-12
1000,Platinum,WALLET,Test124,2020-01-12
299,Black,WALLET,Test,2020-01-12
100,Silver,WALLET,Test123,2020-01-12
1000,Gold,WALLET,Test123,2020-01-12
1000,Platinum,WALLET,Test124,2020-01-12
299,Black,WALLET,Test,2020-01-12
100,Silver,WALLET,Test123,2020-01-12
1000,Gold,WALLET,Test123,2020-01-12
1000,Platinum,WALLET,Test124,2020-01-12
299,Black,WALLET,Test,2020-01-12
100,Silver,WALLET,Test123,2020-01-12
1000,Gold,WALLET,Test123,2020-01-12
1000,Platinum,WALLET,Test124,2020-01-12
299,Black,WALLET,Test,2020-01-12
100,Silver,WALLET,Test123,2020-01-12
1000,Gold,WALLET,Test123,2020-01-12
1000,Platinum,WALLET,Test124,2020-01-12
299,Black,WALLET,Test,2020-01-12
100,Silver,WALLET,Test123,2020-01-12
1000,Gold,WALLET,Test123,2020-01-12
1000,Platinum,WALLET,Test124,2020-01-12
299,Black,WALLET,Test,2020-01-12
100,Silver,WALLET,Test123,2020-01-12
1000,Gold,WALLET,Test123,2020-01-12
1000,Platinum,WALLET,Test124,2020-01-12
299,Black,WALLET,Test,2020-01-12
100,Silver,WALLET,Test123,2020-01-12
1000,Gold,WALLET,Test123,2020-01-12
1000,Platinum,WALLET,Test124,2020-01-12
299,Black,WALLET,Test,2020-01-12
100,Silver,WALLET,Test123,2020-01-12
1000,Gold,WALLET,Test123,2020-01-12
1000,Platinum,WALLET,Test124,2020-01-12
299,Black,WALLET,Test,2020-01-12
100,Silver,WALLET,Test123,2020-01-12
1000,Gold,WALLET,Test123,2020-01-12
1000,Platinum,WALLET,Test124,2020-01-12
299,Black,WALLET,Test,2020-01-12
100,Silver,WALLET,Test123,2020-01-12
1000,Gold,WALLET,Test123,2020-01-12
1000,Platinum,WALLET,Test124,2020-01-12
299,Black,WALLET,Test,2020-01-12
100,Silver,WALLET,Test123,2020-01-12
1000,Gold,WALLET,Test123,2020-01-12
1000,Platinum,WALLET,Test124,2020-01-12
299,Black,WALLET,Test,2020-01-12
100,Silver,WALLET,Test123,2020-01-12
1000,Gold,WALLET,Test123,2020-01-12
1000,Platinum,WALLET,Test124,2020-01-12
299,Black,WALLET,Test,2020-01-12
100,Silver,WALLET,Test123,2020-01-12
1000,Gold,WALLET,Test123,2020-01-12
1000,Platinum,WALLET,Test124,2020-01-12
299,Black,WALLET,Test,2020-01-12
100,Silver,WALLET,Test123,2020-01-12
1000,Gold,WALLET,Test123,2020-01-12
1000,Platinum,WALLET,Test124,2020-01-12
299,Black,WALLET,Test,2020-01-12
100,Silver,WALLET,Test123,2020-01-12
1000,Gold,WALLET,Test123,2020-01-12
1000,Platinum,WALLET,Test124,2020-01-12
299,Black,WALLET,Test,2020-01-12
100,Silver,WALLET,Test123,2020-01-12
1000,Gold,WALLET,Test123,2020-01-12
1000,Platinum,WALLET,Test124,2020-01-12
299,Black,WALLET,Test,2020-01-12
100,Silver,WALLET,Test123,2020-01-12
1000,Gold,WALLET,Test123,2020-01-12
1000,Platinum,WALLET,Test124,2020-01-12
299,Black,WALLET,Test,2020-01-12
100,Silver,WALLET,Test123,2020-01-12
1000,Gold,WALLET,Test123,2020-01-12
1000,Platinum,WALLET,Test124,2020-01-12
299,Black,WALLET,Test,2020-01-12
100,Silver,WALLET,Test123,2020-01-12
1000,Gold,WALLET,Test123,2020-01-12
1000,Platinum,WALLET,Test124,2020-01-12
299,Black,WALLET,Test,2020-01-12
100,Silver,WALLET,Test123,2020-01-12
1000,Gold,WALLET,Test123,2020-01-12
1000,Platinum,WALLET,Test124,2020-01-12
299,Black,WALLET,Test,2020-01-12
100,Silver,WALLET,Test123,2020-01-12
1000,Gold,WALLET,Test123,2020-01-12
1000,Platinum,WALLET,Test124,2020-01-12
299,Black,WALLET,Test,2020-01-12
100,Silver,WALLET,Test123,2020-01-12
1000,Gold,WALLET,Test123,2020-01-12
1000,Platinum,WALLET,Test124,2020-01-12
299,Black,WALLET,Test,2020-01-12
100,Silver,WALLET,Test123,2020-01-12
1000,Gold,WALLET,Test123,2020-01-12
1000,Platinum,WALLET,Test124,2020-01-12
299,Black,WALLET,Test,2020-01-12
100,Silver,WALLET,Test123,2020-01-12
1000,Gold,WALLET,Test123,2020-01-12
1000,Platinum,WALLET,Test124,2020-01-12
299,Black,WALLET,Test,2020-01-12
100,Silver,WALLET,Test123,2020-01-12
1000,Gold,WALLET,Test123,2020-01-12
1000,Platinum,WALLET,Test124,2020-01-12
299,Black,WALLET,Test,2020-01-12
100,Silver,WALLET,Test123,2020-01-12
1000,Gold,WALLET,Test123,2020-01-12
1000,Platinum,WALLET,Test124,2020-01-12
299,Black,WALLET,Test,2020-01-12
100,Silver,WALLET,Test123,2020-01-12
1000,Gold,WALLET,Test123,2020-01-12
1000,Platinum,WALLET,Test124,2020-01-12
299,Black,WALLET,Test,2020-01-12
100,Silver,WALLET,Test123,2020-01-12
1000,Gold,WALLET,Test123,2020-01-12
1000,Platinum,WALLET,Test124,2020-01-12
299,Black,WALLET,Test,2020-01-12
100,Silver,WALLET,Test123,2020-01-12
1000,Gold,WALLET,Test123,2020-01-12
1000,Platinum,WALLET,Test124,2020-01-12
299,Black,WALLET,Test,2020-01-12
100,Silver,WALLET,Test123,2020-01-12
1000,Gold,WALLET,Test123,2020-01-12
1000,Platinum,WALLET,Test124,2020-01-12
299,Black,WALLET,Test,2020-01-12
100,Silver,WALLET,Test123,2020-01-12
1000,Gold,WALLET,Test123,2020-01-12
1000,Platinum,WALLET,Test124,2020-01-12
299,Black,WALLET,Test,2020-01-12
100,Silver,WALLET,Test123,2020-01-12
1000,Gold,WALLET,Test123,2020-01-12
1000,Platinum,WALLET,Test124,2020-01-12
299,Black,WALLET,Test,2020-01-12
100,Silver,WALLET,Test123,2020-01-12
1000,Gold,WALLET,Test123,2020-01-12
1000,Platinum,WALLET,Test124,2020-01-12
299,Black,WALLET,Test,2020-01-12
100,Silver,WALLET,Test123,2020-01-12
1000,Gold,WALLET,Test123,2020-01-12
1000,Platinum,WALLET,Test124,2020-01-12
299,Black,WALLET,Test,2020-01-12
100,Silver,WALLET,Test123,2020-01-12
1000,Gold,WALLET,Test123,2020-01-12
1000,Platinum,WALLET,Test124,2020-01-12
299,Black,WALLET,Test,2020-01-12
100,Silver,WALLET,Test123,2020-01-12
1000,Gold,WALLET,Test123,2020-01-12
1000,Platinum,WALLET,Test124,2020-01-12
299,Black,WALLET,Test,2020-01-12
100,Silver,WALLET,Test123,2020-01-12
1000,Gold,WALLET,Test123,2020-01-12
1000,Platinum,WALLET,Test124,2020-01-12
299,Black,WALLET,Test,2020-01-12
100,Silver,WALLET,Test123,2020-01-12
1000,Gold,WALLET,Test123,2020-01-12
1000,Platinum,WALLET,Test124,2020-01-12
299,Black,WALLET,Test,2020-01-12
100,Silver,WALLET,Test123,2020-01-12
1000,Gold,WALLET,Test123,2020-01-12
1000,Platinum,WALLET,Test124,2020-01-12
299,Black,WALLET,Test,2020-01-12
100,Silver,WALLET,Test123,2020-01-12
1000,Gold,WALLET,Test123,2020-01-12
1000,Platinum,WALLET,Test124,2020-01-12
299,Black,WALLET,Test,2020-01-12
100,Silver,WALLET,Test123,2020-01-12
1000,Gold,WALLET,Test123,2020-01-12
1000,Platinum,WALLET,Test124,2020-01-12
299,Black,WALLET,Test,2020-01-12
100,Silver,WALLET,Test123,2020-01-12
1000,Gold,WALLET,Test123,2020-01-12
1000,Platinum,WALLET,Test124,2020-01-12
299,Black,WALLET,Test,2020-01-12
100,Silver,WALLET,Test123,2020-01-12
1000,Gold,WALLET,Test123,2020-01-12
1000,Platinum,WALLET,Test124,2020-01-12
299,Black,WALLET,Test,2020-01-12
100,Silver,WALLET,Test123,2020-01-12
1000,Gold,WALLET,Test123,2020-01-12
1000,Platinum,WALLET,Test124,2020-01-12
299,Black,WALLET,Test,2020-01-12
100,Silver,WALLET,Test123,2020-01-12
1000,Gold,WALLET,Test123,2020-01-12
1000,Platinum,WALLET,Test124,2020-01-12
299,Black,WALLET,Test,2020-01-12
100,Silver,WALLET,Test123,2020-01-12
1000,Gold,WALLET,Test123,2020-01-12
1000,Platinum,WALLET,Test124,2020-01-12
299,Black,WALLET,Test,2020-01-12
100,Silver,WALLET,Test123,2020-01-12
1000,Gold,WALLET,Test123,2020-01-12
1000,Platinum,WALLET,Test124,2020-01-12
299,Black,WALLET,Test,2020-01-12
100,Silver,WALLET,Test123,2020-01-12
1000,Gold,WALLET,Test123,2020-01-12
1000,Platinum,WALLET,Test124,2020-01-12